"File","Folder"
"Dead-Dragon.psd","_PSD Sources"
"dead-undead.psd","_PSD Sources"
"dead-aberration.png","Aberration"
"dead-beholder.png","Aberration"
"dead-grell.png","Aberration"
"dead-illithid.png","Aberration"
"dead-mind flayer.png","Aberration"
"Dead-Spectator.png","Aberration"
"dead-beast.png","Beast"
"dead-deer-elk.png","Beast"
"dead-giant spider-11.png","Beast"
"dead-horse.png","Beast"
"dead-horse-2.png","Beast"
"Dead-skunk.png","Beast"
"dead-wolf-grey.png","Beast"
"dead-Animal Lord (Wolf).png","Celestial"
"dead-Celestial.webm","Celestial"
"Dead-Couatl.png","Celestial"
"dead-seraph.png","Celestial"
"dead-unicorn.png","Celestial"
"dead-amber-golem.png","Construct"
"dead-construct.png","Construct"
"dead-stone golem.png","Construct"
"dead-dragon (2).png","Dragon"
"dead-kobold 11.png","Dragon"
"dead-kobold.png","Dragon"
"dead-Aarakocra Aeromancer.png","Elemental"
"dead-Aarakocra Skirmisher.png","Elemental"
"dead-lizardfolk-11.png","Elemental"
"Dead-Magmin.png","Elemental"
"Dead-Merman.png","Elemental"
"dead-salamander 1.png","Elemental"
"dead-salamander.png","Elemental"
"dead-bugbear-11.png","Fey"
"dead-bullywug-11.png","Fey"
"Dead-Centaur.png","Fey"
"dead-fey.png","Fey"
"dead-goblin.png","Fey"
"Dead-Goblinoid.png","Fey"
"dead-hobgoblin-11.png","Fey"
"dead-human-hag.png","Fey"
"dead-arcanaloth-fiend.png","Fiend"
"dead-barbed devil.png","Fiend"
"dead-barlgura.png","Fiend"
"dead-fiend.png","Fiend"
"dead-fiend-11.png","Fiend"
"dead-gnoll-11.png","Fiend"
"dead-giant.png","Giant"
"dead-giant.webp","Giant"
"dead-giant-11.png","Giant"
"Dead-Hill-Giant.png","Giant"
"dead-ogre-11.png","Giant"
"dead-troll-11.png","Giant"
"dead-Aberrant Cultist (Yellow Energy).png","Humanoid"
"dead-Aberrant Cultist 11.png","Humanoid"
"dead-bandit-human-11.png","Humanoid"
"dead-cleric-drowned-11.png","Humanoid"
"dead-cultist-11.png","Humanoid"
"dead-drow-warrior-11.png","Humanoid"
"dead-Duergar-Warlord-11.png","Humanoid"
"dead-elf.png","Humanoid"
"dead-female.png","Humanoid"
"dead-guard.png","Humanoid"
"dead-Knight.png","Humanoid"
"dead-warrior-unknown-11.png","Humanoid"
"Drowned-Dead-Corpse (2).png","Humanoid"
"Drowned-Dead-Corpse.png","Humanoid"
"Dead-Carrion Crawler.png","Monstrosity"
"dead-displacer beast-11.png","Monstrosity"
"Dead-Griffon.png","Monstrosity"
"dead-harpy-11.png","Monstrosity"
"dead-manticore-11.png","Monstrosity"
"dead-monstrosity.png","Monstrosity"
"dead-owlbear-11.png","Monstrosity"
"Dead-Rust Monster.png","Monstrosity"
"dead-ooze.png","Ooze"
"dead-plant.png","Plant"
"dead-Alhoon.png","Undead"
"dead-allip.png","Undead"
"dead-Ankhtepot.png","Undead"
"dead-ash zombie.png","Undead"
"dead-ghoul-11.png","Undead"
"dead-undead.png","Undead"
"dead-vampire-spawn-22.png","Undead"
"dead-wight-11.png","Undead"
